Python,Java,SQL,Machine_Learning,Data_Analysis,Communication,Target_Career
7,5,9,2,10,8,Data Analyst
4,6,6,7,10,9,Data Product Manager
8,6,10,6,10,6,Data Analyst
5,3,7,4,6,5,Junior Data Associate
7,7,5,7,1,6,Junior Data Associate
10,9,10,4,9,2,Data Analyst
3,10,6,2,2,4,Junior Data Associate
7,8,5,10,5,3,Junior Data Associate
8,6,9,7,9,7,Machine Learning Engineer
5,8,6,8,4,9,Software Engineer (Backend)
4,5,8,2,3,5,Junior Data Associate
8,8,2,5,7,6,Junior Data Associate
8,10,9,1,6,10,Software Engineer (Backend)
3,4,5,7,8,2,Junior Data Associate
6,10,7,8,3,3,Software Engineer (Backend)
5,8,10,6,5,3,Software Engineer (Backend)
2,10,1,5,10,9,Data Product Manager
8,2,10,6,4,7,Junior Data Associate
6,5,5,2,4,8,Junior Data Associate
2,9,10,1,4,10,Junior Data Associate
5,4,2,7,10,9,Data Product Manager
1,6,6,7,8,6,Junior Data Associate
10,1,1,10,6,4,Machine Learning Engineer
6,9,3,10,3,1,Junior Data Associate
9,1,5,2,10,8,Data Product Manager
1,5,4,2,5,7,Junior Data Associate
10,4,3,1,6,2,Junior Data Associate
3,3,10,10,5,8,Junior Data Associate
7,6,5,8,6,5,Machine Learning Engineer
4,2,8,8,8,7,Junior Data Associate
9,3,4,1,7,4,Junior Data Associate
3,5,1,8,5,5,Junior Data Associate
5,9,7,9,10,8,Data Analyst
3,2,8,4,6,1,Junior Data Associate
7,10,3,1,4,1,Junior Data Associate
5,8,6,1,9,4,Software Engineer (Backend)
9,2,2,3,4,3,Junior Data Associate
7,5,7,5,1,10,Junior Data Associate
2,7,8,5,7,2,Junior Data Associate
4,8,6,9,7,3,Junior Data Associate
9,1,6,10,4,1,Junior Data Associate
2,6,5,2,3,1,Junior Data Associate
10,1,8,2,8,6,Data Analyst
9,2,1,6,5,5,Junior Data Associate
10,1,10,9,10,8,Machine Learning Engineer
5,5,4,1,7,2,Junior Data Associate
2,10,4,9,4,4,Junior Data Associate
4,9,3,9,4,8,Junior Data Associate
7,6,3,9,8,6,Machine Learning Engineer
8,1,4,5,8,1,Junior Data Associate
3,1,1,9,2,4,Junior Data Associate
1,2,2,4,2,1,Junior Data Associate
4,9,9,2,3,2,Junior Data Associate
2,3,10,6,3,5,Junior Data Associate
8,1,2,4,1,8,Junior Data Associate
4,5,5,6,3,8,Junior Data Associate
2,7,9,3,6,3,Junior Data Associate
6,6,9,6,8,4,Data Analyst
6,1,8,2,10,10,Data Analyst
10,5,1,2,6,6,Junior Data Associate
4,5,1,9,5,10,Junior Data Associate
6,6,9,7,4,3,Junior Data Associate
2,3,8,3,3,2,Junior Data Associate
10,5,10,1,4,6,Junior Data Associate
2,7,9,8,7,5,Junior Data Associate
10,5,7,6,1,10,Junior Data Associate
4,5,3,7,7,5,Junior Data Associate
8,5,3,9,1,10,Junior Data Associate
7,10,2,5,2,5,Junior Data Associate
9,10,5,1,4,10,Junior Data Associate
8,3,3,10,1,5,Junior Data Associate
5,1,6,7,9,3,Junior Data Associate
2,5,2,5,6,7,Junior Data Associate
5,9,3,3,1,6,Junior Data Associate
8,1,5,9,1,4,Junior Data Associate
10,3,1,1,6,2,Junior Data Associate
9,4,1,1,4,9,Junior Data Associate
9,1,10,1,4,1,Junior Data Associate
1,1,9,3,6,4,Junior Data Associate
9,8,7,6,7,1,Data Analyst
7,2,1,10,9,6,Machine Learning Engineer
9,8,8,3,10,4,Data Analyst
8,7,3,8,5,5,Junior Data Associate
1,10,8,10,9,5,Junior Data Associate
8,10,5,2,4,9,Junior Data Associate
8,2,1,9,10,1,Machine Learning Engineer
3,6,7,3,2,2,Junior Data Associate
1,6,5,5,3,6,Junior Data Associate
8,3,6,10,1,5,Junior Data Associate
3,2,6,8,6,7,Junior Data Associate
3,1,8,2,6,3,Junior Data Associate
1,6,9,6,1,3,Junior Data Associate
5,5,2,5,3,10,Junior Data Associate
10,9,9,10,5,2,Software Engineer (Backend)
7,1,10,9,3,3,Junior Data Associate
10,7,9,5,10,10,Data Analyst
9,5,10,2,3,1,Junior Data Associate
7,5,10,5,10,5,Data Analyst
9,2,7,4,3,5,Junior Data Associate
8,3,1,7,5,7,Junior Data Associate
2,7,7,6,5,4,Junior Data Associate
1,6,10,2,4,3,Junior Data Associate
7,2,5,5,1,1,Junior Data Associate
7,6,6,7,5,8,Junior Data Associate
8,2,10,7,10,3,Machine Learning Engineer
5,2,7,5,5,2,Junior Data Associate
3,2,5,9,4,4,Junior Data Associate
8,3,7,4,6,3,Junior Data Associate
6,2,9,3,10,1,Data Analyst
3,4,3,4,4,3,Junior Data Associate
1,9,8,5,7,2,Junior Data Associate
3,6,2,6,7,8,Data Product Manager
5,1,7,3,2,6,Junior Data Associate
3,8,2,2,3,9,Junior Data Associate
1,7,4,4,1,8,Junior Data Associate
5,10,7,5,8,10,Data Analyst
10,3,3,4,9,3,Junior Data Associate
7,1,2,3,4,5,Junior Data Associate
7,5,10,8,6,7,Machine Learning Engineer
9,4,7,10,9,5,Machine Learning Engineer
10,10,1,4,6,8,Data Product Manager
10,8,8,2,9,5,Data Analyst
3,1,3,2,4,1,Junior Data Associate
7,10,2,1,8,5,Junior Data Associate
1,1,3,4,9,4,Junior Data Associate
4,4,5,10,4,6,Junior Data Associate
4,8,8,9,5,3,Junior Data Associate
5,5,10,7,8,5,Data Analyst
7,2,7,10,10,2,Machine Learning Engineer
7,6,7,7,6,6,Machine Learning Engineer
4,5,7,7,7,6,Junior Data Associate
7,2,8,8,3,5,Junior Data Associate
3,3,1,1,7,6,Junior Data Associate
6,9,4,10,8,7,Junior Data Associate
2,7,6,10,10,5,Junior Data Associate
10,7,9,8,6,1,Machine Learning Engineer
9,6,2,4,10,8,Data Product Manager
5,8,1,4,9,4,Junior Data Associate
6,4,10,4,6,9,Data Product Manager
4,8,2,6,9,10,Data Product Manager
10,4,7,7,4,6,Junior Data Associate
7,8,3,6,8,1,Junior Data Associate
9,9,10,1,4,3,Software Engineer (Backend)
7,3,2,8,2,3,Junior Data Associate
1,3,7,10,10,10,Data Product Manager
1,2,2,7,9,4,Junior Data Associate
9,10,3,6,5,6,Junior Data Associate
9,3,7,6,4,7,Junior Data Associate
4,3,4,5,2,10,Junior Data Associate
9,5,1,6,1,4,Junior Data Associate
3,5,5,9,7,6,Junior Data Associate
7,2,9,10,6,1,Machine Learning Engineer
6,10,8,9,2,8,Software Engineer (Backend)
8,6,9,10,8,7,Machine Learning Engineer
9,5,10,8,4,9,Junior Data Associate
5,6,9,10,8,3,Data Analyst
1,1,7,9,7,2,Junior Data Associate
3,5,4,10,5,1,Junior Data Associate
10,9,5,8,10,3,Machine Learning Engineer
8,10,1,8,10,5,Machine Learning Engineer
6,2,1,1,8,2,Junior Data Associate
8,1,3,10,9,3,Machine Learning Engineer
9,10,8,5,5,4,Software Engineer (Backend)
4,9,2,4,10,7,Junior Data Associate
1,10,4,2,5,3,Junior Data Associate
1,9,2,8,2,9,Junior Data Associate
10,9,5,3,5,8,Junior Data Associate
4,6,9,4,3,4,Junior Data Associate
7,8,1,7,7,1,Machine Learning Engineer
2,1,5,10,10,1,Junior Data Associate
3,10,9,9,5,1,Junior Data Associate
1,4,1,2,8,1,Junior Data Associate
5,1,9,3,1,8,Junior Data Associate
1,8,8,4,3,3,Junior Data Associate
8,1,4,10,3,6,Junior Data Associate
1,3,10,1,9,3,Junior Data Associate
1,4,5,7,5,5,Junior Data Associate
2,8,5,2,9,7,Junior Data Associate
2,6,6,5,9,2,Junior Data Associate
6,10,7,1,1,6,Software Engineer (Backend)
7,7,8,3,2,6,Software Engineer (Backend)
5,8,8,2,5,3,Software Engineer (Backend)
1,2,2,1,4,6,Junior Data Associate
1,10,9,7,10,10,Data Product Manager
3,8,7,5,9,10,Data Product Manager
2,3,4,1,7,5,Junior Data Associate
5,7,4,6,6,2,Junior Data Associate
10,3,8,5,7,9,Data Analyst
6,7,4,3,1,8,Junior Data Associate
7,2,6,7,1,3,Junior Data Associate
4,10,5,10,8,8,Data Product Manager
7,6,3,9,2,9,Junior Data Associate
8,3,10,9,10,3,Machine Learning Engineer
1,3,2,9,9,3,Junior Data Associate
6,9,9,2,7,2,Data Analyst
8,7,10,3,6,8,Software Engineer (Backend)
5,5,9,7,1,10,Junior Data Associate
4,10,1,5,1,1,Junior Data Associate
2,7,10,2,2,8,Junior Data Associate
6,9,3,3,6,7,Junior Data Associate
6,1,8,10,6,7,Junior Data Associate
1,7,6,6,2,3,Junior Data Associate
9,6,5,7,1,1,Junior Data Associate
6,10,5,9,10,4,Junior Data Associate
3,9,6,1,5,9,Junior Data Associate
4,1,7,7,5,5,Junior Data Associate
4,4,1,8,2,1,Junior Data Associate
3,9,9,3,6,5,Junior Data Associate
10,4,3,4,9,8,Data Product Manager
3,10,4,10,2,8,Junior Data Associate
3,3,10,6,10,5,Junior Data Associate
4,9,1,10,2,9,Junior Data Associate
7,2,10,7,3,1,Junior Data Associate
4,4,3,4,7,4,Junior Data Associate
9,6,2,8,6,3,Machine Learning Engineer
1,2,2,5,8,2,Junior Data Associate
8,8,1,1,8,8,Data Product Manager
7,8,8,4,6,7,Software Engineer (Backend)
2,1,3,3,10,9,Data Product Manager
8,3,3,9,3,2,Junior Data Associate
1,10,6,8,3,4,Junior Data Associate
9,9,8,1,1,6,Software Engineer (Backend)
9,5,9,6,7,3,Data Analyst
2,6,9,9,5,8,Junior Data Associate
7,4,4,7,4,3,Junior Data Associate
10,10,5,4,10,2,Junior Data Associate
3,2,2,1,4,3,Junior Data Associate
7,8,9,2,4,6,Software Engineer (Backend)
10,6,8,5,6,2,Junior Data Associate
9,5,3,5,8,8,Data Product Manager
4,9,9,8,8,1,Junior Data Associate
1,1,3,6,5,7,Junior Data Associate
2,5,9,8,6,2,Junior Data Associate
1,6,2,2,4,10,Junior Data Associate
5,5,10,3,9,6,Data Analyst
5,6,9,6,8,2,Data Analyst
7,6,8,10,10,2,Machine Learning Engineer
9,7,9,3,10,10,Data Analyst
9,4,5,6,1,8,Junior Data Associate
3,8,2,6,2,2,Junior Data Associate
3,7,8,2,9,7,Junior Data Associate
3,9,6,7,8,3,Junior Data Associate
4,7,8,2,3,8,Junior Data Associate
8,3,5,6,8,7,Junior Data Associate
6,3,10,1,1,8,Junior Data Associate
8,8,2,3,10,7,Junior Data Associate
1,5,6,2,4,6,Junior Data Associate
8,4,5,7,3,7,Junior Data Associate
4,8,5,4,6,5,Junior Data Associate
1,6,1,8,7,7,Junior Data Associate
8,2,2,6,4,1,Junior Data Associate
4,4,8,10,7,1,Junior Data Associate
6,4,3,4,9,9,Data Product Manager
8,6,10,5,2,5,Junior Data Associate
4,6,3,9,3,5,Junior Data Associate
3,1,8,7,5,3,Junior Data Associate
9,8,8,10,3,5,Software Engineer (Backend)
3,6,2,9,8,3,Junior Data Associate
9,3,8,7,10,9,Machine Learning Engineer
2,9,1,1,8,9,Data Product Manager
2,2,6,8,8,6,Junior Data Associate
2,8,8,4,9,1,Junior Data Associate
6,10,3,3,4,7,Junior Data Associate
3,3,8,7,5,7,Junior Data Associate
9,5,1,3,5,10,Junior Data Associate
4,6,9,8,8,10,Data Product Manager
1,10,9,6,7,4,Junior Data Associate
4,6,5,5,9,8,Data Product Manager
1,4,10,4,8,6,Junior Data Associate
5,3,4,8,2,4,Junior Data Associate
4,4,6,8,10,4,Junior Data Associate
8,1,7,1,4,2,Junior Data Associate
8,4,5,9,6,2,Machine Learning Engineer
7,1,10,5,2,4,Junior Data Associate
3,1,9,4,7,5,Junior Data Associate
1,10,3,6,3,8,Junior Data Associate
1,6,7,6,3,6,Junior Data Associate
3,5,10,2,2,4,Junior Data Associate
6,4,10,8,8,7,Data Analyst
7,3,5,7,6,8,Machine Learning Engineer
6,1,7,1,1,2,Junior Data Associate
6,6,2,5,1,7,Junior Data Associate
6,2,4,6,7,2,Junior Data Associate
3,8,2,4,8,2,Junior Data Associate
6,10,7,2,5,8,Software Engineer (Backend)
8,5,2,4,5,2,Junior Data Associate
2,7,1,1,4,9,Junior Data Associate
5,10,9,7,6,1,Software Engineer (Backend)
1,2,1,2,6,9,Data Product Manager
1,8,8,2,3,1,Junior Data Associate
5,2,2,9,9,10,Data Product Manager
3,4,8,5,7,10,Data Product Manager
4,1,3,2,1,2,Junior Data Associate
3,5,6,9,7,6,Junior Data Associate
1,9,3,9,5,6,Junior Data Associate
1,1,7,1,5,1,Junior Data Associate
5,9,10,3,2,7,Software Engineer (Backend)
6,8,9,4,4,8,Software Engineer (Backend)
3,6,2,7,6,2,Junior Data Associate
9,7,5,10,10,8,Machine Learning Engineer
5,3,6,4,7,9,Data Product Manager
8,1,4,2,5,6,Junior Data Associate
1,5,4,7,9,5,Junior Data Associate
5,2,4,6,3,9,Junior Data Associate
3,5,2,3,1,9,Junior Data Associate
1,8,4,6,4,1,Junior Data Associate
4,9,1,6,9,3,Junior Data Associate
5,2,6,5,4,9,Junior Data Associate
7,3,1,4,2,2,Junior Data Associate
1,3,10,10,10,4,Junior Data Associate
3,1,6,1,5,4,Junior Data Associate
2,8,1,10,3,2,Junior Data Associate
9,6,6,6,9,3,Junior Data Associate
10,8,10,2,4,3,Software Engineer (Backend)
6,9,8,3,6,1,Software Engineer (Backend)
10,5,2,8,2,6,Junior Data Associate
3,3,2,10,6,8,Data Product Manager
8,5,4,6,3,3,Junior Data Associate
8,5,3,3,9,5,Junior Data Associate
2,5,4,7,2,1,Junior Data Associate
6,3,7,4,9,10,Data Analyst
7,10,1,9,5,7,Junior Data Associate
2,4,6,5,8,10,Data Product Manager
10,9,3,3,2,1,Junior Data Associate
2,10,10,2,6,9,Data Product Manager
10,9,7,2,3,8,Software Engineer (Backend)
1,2,10,3,10,7,Junior Data Associate
8,8,2,2,5,10,Junior Data Associate
1,8,2,4,8,7,Junior Data Associate
9,7,4,2,10,5,Junior Data Associate
6,8,1,10,1,5,Junior Data Associate
7,3,3,9,5,5,Junior Data Associate
10,6,9,2,3,1,Junior Data Associate
7,1,7,9,4,8,Junior Data Associate
10,7,7,6,2,1,Software Engineer (Backend)
3,1,4,1,9,4,Junior Data Associate
2,9,2,4,3,9,Junior Data Associate
9,1,4,1,2,9,Junior Data Associate
8,1,6,6,10,5,Junior Data Associate
10,7,3,4,9,4,Junior Data Associate
7,2,1,3,7,3,Junior Data Associate
9,5,8,3,6,3,Junior Data Associate
4,8,5,9,1,5,Junior Data Associate
4,8,5,6,5,10,Junior Data Associate
1,3,4,9,3,1,Junior Data Associate
8,7,6,5,1,5,Software Engineer (Backend)
3,3,3,2,4,6,Junior Data Associate
7,6,9,8,2,7,Junior Data Associate
2,6,5,5,2,9,Junior Data Associate
2,3,3,2,3,3,Junior Data Associate
7,7,1,4,8,2,Junior Data Associate
6,3,10,9,8,3,Data Analyst
3,8,6,4,7,9,Data Product Manager
9,10,2,4,6,7,Junior Data Associate
10,4,3,2,9,9,Data Product Manager
6,1,1,6,4,2,Junior Data Associate
10,4,9,2,1,5,Junior Data Associate
10,7,8,7,8,4,Machine Learning Engineer
6,4,2,3,7,2,Junior Data Associate
1,6,8,3,7,9,Data Product Manager
4,9,9,5,3,9,Junior Data Associate
10,1,1,3,4,6,Junior Data Associate
6,5,5,2,10,6,Junior Data Associate
6,7,8,10,9,8,Data Analyst
5,1,2,9,6,6,Junior Data Associate
1,4,4,2,5,1,Junior Data Associate
8,6,7,2,3,4,Junior Data Associate
5,2,3,8,9,7,Junior Data Associate
5,10,5,9,5,2,Junior Data Associate
7,5,8,7,5,9,Junior Data Associate
4,10,10,3,4,8,Junior Data Associate
6,1,3,9,4,8,Junior Data Associate
4,6,4,3,1,7,Junior Data Associate
3,6,9,5,7,4,Junior Data Associate
7,4,7,9,9,2,Machine Learning Engineer
8,8,1,3,3,3,Junior Data Associate
4,4,4,7,2,6,Junior Data Associate
2,8,4,1,3,5,Junior Data Associate
10,8,9,4,1,8,Software Engineer (Backend)
3,5,6,4,6,6,Junior Data Associate
1,4,9,7,7,6,Junior Data Associate
8,2,6,8,2,1,Junior Data Associate
3,3,6,1,8,4,Junior Data Associate
10,3,5,5,6,5,Junior Data Associate
7,4,5,7,4,3,Junior Data Associate
10,4,2,4,5,9,Junior Data Associate
5,10,8,4,8,1,Data Analyst
10,5,8,4,3,6,Junior Data Associate
5,4,1,6,3,6,Junior Data Associate
7,10,8,7,4,10,Software Engineer (Backend)
9,8,5,2,1,5,Junior Data Associate
5,6,2,5,9,5,Junior Data Associate
1,6,2,4,8,10,Data Product Manager
10,8,6,3,8,5,Software Engineer (Backend)
10,7,9,7,10,6,Machine Learning Engineer
1,10,1,6,6,8,Data Product Manager
2,10,6,7,7,2,Junior Data Associate
6,8,9,5,6,6,Software Engineer (Backend)
9,2,8,6,9,1,Data Analyst
8,9,6,5,3,4,Software Engineer (Backend)
5,1,3,7,3,10,Junior Data Associate
1,8,8,2,3,3,Junior Data Associate
7,4,9,5,10,9,Data Analyst
5,4,1,6,3,3,Junior Data Associate
6,5,9,6,9,6,Data Analyst
7,8,6,5,4,1,Software Engineer (Backend)
3,5,6,10,7,6,Junior Data Associate
10,8,4,7,9,4,Machine Learning Engineer
3,10,1,10,7,8,Data Product Manager
5,1,10,8,9,9,Data Analyst
6,10,8,7,3,4,Software Engineer (Backend)
9,9,2,5,4,10,Junior Data Associate
5,6,1,1,8,10,Data Product Manager
1,3,2,5,6,6,Junior Data Associate
4,8,1,10,5,1,Junior Data Associate
5,9,1,2,4,4,Junior Data Associate
10,6,9,5,8,7,Data Analyst
10,7,1,5,1,1,Junior Data Associate
5,1,4,2,9,8,Data Product Manager
7,5,10,5,1,10,Junior Data Associate
4,5,6,4,8,6,Junior Data Associate
1,10,7,1,4,5,Junior Data Associate
5,4,2,3,9,10,Data Product Manager
7,6,6,1,5,9,Junior Data Associate
10,7,7,5,3,2,Software Engineer (Backend)
10,9,10,4,9,5,Data Analyst
6,1,10,7,9,6,Data Analyst
5,6,2,5,4,7,Junior Data Associate
4,7,2,10,4,5,Junior Data Associate
2,3,10,4,8,9,Data Product Manager
4,8,7,2,2,1,Junior Data Associate
10,5,1,4,9,7,Junior Data Associate
10,9,8,2,6,10,Software Engineer (Backend)
3,5,3,8,9,7,Junior Data Associate
10,9,6,3,8,4,Software Engineer (Backend)
1,10,9,9,7,9,Data Product Manager
8,4,6,4,1,5,Junior Data Associate
5,9,9,6,3,4,Software Engineer (Backend)
4,5,7,10,2,7,Junior Data Associate
8,10,9,5,5,4,Software Engineer (Backend)
7,9,2,10,5,3,Junior Data Associate
2,3,8,1,5,9,Junior Data Associate
1,4,8,9,4,8,Junior Data Associate
4,9,2,1,5,1,Junior Data Associate
8,10,4,8,3,7,Junior Data Associate
2,6,7,9,1,9,Junior Data Associate
3,2,4,9,5,8,Junior Data Associate
1,7,4,1,9,8,Data Product Manager
1,2,6,2,9,6,Junior Data Associate
3,2,10,1,4,4,Junior Data Associate
5,1,6,10,3,8,Junior Data Associate
3,3,10,2,1,3,Junior Data Associate
1,6,3,10,2,9,Junior Data Associate
1,8,9,8,8,2,Junior Data Associate
8,9,10,5,1,2,Software Engineer (Backend)
10,7,2,7,8,7,Machine Learning Engineer
2,4,6,2,7,10,Data Product Manager
3,6,7,8,8,4,Junior Data Associate
2,5,9,6,6,10,Data Product Manager
3,8,3,8,9,8,Data Product Manager
7,1,10,1,3,9,Junior Data Associate
1,1,3,1,10,7,Junior Data Associate
10,6,7,7,4,5,Junior Data Associate
8,10,4,8,6,8,Machine Learning Engineer
10,2,8,3,8,4,Data Analyst
10,5,7,5,5,2,Junior Data Associate
10,1,5,1,3,6,Junior Data Associate
2,7,7,7,6,9,Data Product Manager
3,1,3,5,4,1,Junior Data Associate
9,4,2,8,9,10,Machine Learning Engineer
7,9,6,8,3,7,Software Engineer (Backend)
4,1,2,9,4,10,Junior Data Associate
10,4,3,7,7,9,Machine Learning Engineer
5,6,6,1,7,10,Data Product Manager
2,6,5,3,4,9,Junior Data Associate
8,8,8,8,6,10,Machine Learning Engineer
4,1,9,3,3,3,Junior Data Associate
9,7,3,8,6,5,Machine Learning Engineer
5,1,10,1,2,8,Junior Data Associate
9,7,3,5,8,8,Data Product Manager
4,3,3,4,2,4,Junior Data Associate
10,8,6,5,7,1,Software Engineer (Backend)
5,3,1,8,9,1,Junior Data Associate
9,1,7,10,1,4,Junior Data Associate
8,8,1,4,8,6,Junior Data Associate
3,3,5,4,7,8,Data Product Manager
1,2,10,3,6,6,Junior Data Associate
3,1,8,7,6,9,Data Product Manager
4,3,4,3,6,9,Data Product Manager
2,2,5,3,9,2,Junior Data Associate
1,2,4,10,2,10,Junior Data Associate
7,6,4,5,1,1,Junior Data Associate
8,1,8,5,6,2,Junior Data Associate
7,2,2,6,10,5,Junior Data Associate
5,6,1,8,8,4,Junior Data Associate
1,3,3,10,3,4,Junior Data Associate
7,4,9,6,10,9,Data Analyst
7,1,4,1,1,8,Junior Data Associate
9,8,10,8,9,6,Machine Learning Engineer
3,7,5,8,1,1,Junior Data Associate
9,7,2,9,3,2,Junior Data Associate
1,3,4,9,8,6,Junior Data Associate
1,10,2,2,3,2,Junior Data Associate
4,10,2,2,4,10,Junior Data Associate
9,3,4,3,8,5,Junior Data Associate
6,2,6,1,1,5,Junior Data Associate
3,1,7,4,6,6,Junior Data Associate
1,7,10,4,1,6,Junior Data Associate
4,7,3,9,1,6,Junior Data Associate
9,2,3,9,8,2,Machine Learning Engineer
3,7,10,9,4,10,Junior Data Associate
9,8,6,10,1,3,Software Engineer (Backend)
7,1,3,7,10,6,Machine Learning Engineer
4,9,2,2,7,8,Data Product Manager
3,7,8,10,5,1,Junior Data Associate
10,3,5,5,5,1,Junior Data Associate
5,8,1,4,1,2,Junior Data Associate
5,7,3,8,10,6,Junior Data Associate
3,8,10,2,6,9,Data Product Manager
9,6,8,6,9,4,Data Analyst
4,9,4,5,9,3,Junior Data Associate
5,5,7,2,8,8,Data Analyst
4,3,10,10,5,10,Junior Data Associate
5,3,2,1,1,9,Junior Data Associate
7,1,7,8,9,5,Machine Learning Engineer
9,8,5,2,1,9,Junior Data Associate
7,2,5,7,8,2,Machine Learning Engineer
5,3,6,9,5,3,Junior Data Associate
10,8,9,9,3,7,Software Engineer (Backend)
10,8,6,8,7,7,Machine Learning Engineer
7,4,8,10,7,6,Machine Learning Engineer
10,4,7,9,9,6,Machine Learning Engineer
5,5,9,2,7,2,Data Analyst
3,6,4,6,3,10,Junior Data Associate
7,5,2,4,1,6,Junior Data Associate
2,7,7,4,8,4,Junior Data Associate
9,2,6,5,3,3,Junior Data Associate
10,7,1,3,8,2,Junior Data Associate
10,10,9,1,8,1,Data Analyst
1,7,9,8,5,5,Junior Data Associate
6,1,2,5,1,2,Junior Data Associate
7,7,3,3,10,2,Junior Data Associate
8,5,5,10,7,7,Machine Learning Engineer
10,3,5,7,10,8,Machine Learning Engineer
9,3,1,7,5,10,Junior Data Associate
2,4,8,1,8,8,Data Product Manager
10,2,8,9,9,4,Machine Learning Engineer
2,2,4,2,7,1,Junior Data Associate
5,1,7,5,7,7,Data Analyst
5,5,10,5,1,1,Junior Data Associate
6,4,3,8,4,4,Junior Data Associate
3,10,6,8,2,8,Junior Data Associate
8,2,10,7,2,2,Junior Data Associate
1,3,10,7,2,6,Junior Data Associate
6,7,9,6,4,6,Software Engineer (Backend)
4,7,1,6,1,9,Junior Data Associate
1,4,5,9,4,5,Junior Data Associate
7,5,4,6,2,10,Junior Data Associate
9,5,8,2,5,4,Junior Data Associate
4,6,1,2,3,5,Junior Data Associate
4,9,9,5,8,10,Data Product Manager
6,2,6,4,4,5,Junior Data Associate
3,5,4,2,1,8,Junior Data Associate
6,3,9,3,1,10,Junior Data Associate
7,4,5,7,10,8,Machine Learning Engineer
10,10,5,8,3,2,Junior Data Associate
10,6,5,6,9,7,Junior Data Associate
3,8,1,5,7,8,Data Product Manager
7,1,1,1,2,6,Junior Data Associate
3,10,8,8,9,5,Junior Data Associate
2,8,8,3,10,9,Data Product Manager
10,7,6,6,2,3,Software Engineer (Backend)
4,1,4,3,3,10,Junior Data Associate
8,2,2,7,10,4,Machine Learning Engineer
9,3,2,7,2,9,Junior Data Associate
7,1,9,9,3,6,Junior Data Associate
1,9,5,5,6,8,Data Product Manager
3,8,4,8,9,7,Junior Data Associate
9,2,10,10,9,2,Machine Learning Engineer
1,9,1,10,7,3,Junior Data Associate
9,7,7,8,3,1,Software Engineer (Backend)
8,9,3,1,4,9,Junior Data Associate
1,6,6,5,6,7,Junior Data Associate
6,6,5,3,5,1,Junior Data Associate
5,4,5,1,2,3,Junior Data Associate
6,10,5,4,6,4,Junior Data Associate
10,10,1,8,3,4,Junior Data Associate
5,2,1,3,8,5,Junior Data Associate
6,7,3,10,2,3,Junior Data Associate
5,5,10,2,1,3,Junior Data Associate
5,6,4,9,9,1,Junior Data Associate
4,2,5,10,3,7,Junior Data Associate
3,5,2,5,1,10,Junior Data Associate
3,10,8,7,7,1,Junior Data Associate
4,4,2,2,10,2,Junior Data Associate
9,9,9,9,5,4,Software Engineer (Backend)
2,6,2,9,5,4,Junior Data Associate
9,2,9,4,1,5,Junior Data Associate
1,1,7,4,9,2,Junior Data Associate
1,5,8,6,7,4,Junior Data Associate
